id,first_name,last_name,display_name,country,bio,birth_year,death_year,life_dates
45521,Guimi,You,Guimi You,,,,,
45522,Astra Huimeng,Wang,Astra Huimeng Wang,,,,,
45523,Shana,Hoehn,Shana Hoehn,,,,,
45524,Yesiyu,Zhao,Yesiyu Zhao,,,,,
45526,Jacopo,Pagin,Jacopo Pagin,,,,,
45527,Yoab,Vera,Yoab Vera,,,,,
45570,Xin,Liu,Xin Liu,,,,,
45571,Errol,Sawyer,Errol Sawyer,,,,,
45572,Taylor,Ervin,Taylor Ervin,,,,,
45573,Rema,Ghuloum,Rema Ghuloum,,,,,
45574,Joeun Kim,Aatchim,Joeun Kim Aatchim,,,,,
45575,Michelle,Blade,Michelle Blade,,,,,
45576,Andrew,Sendor,Andrew Sendor,,,,,
45577,David,Abbott,David Abbott,,,,,
45578,Peter,Shear,Peter Shear,,,,,
45579,Bix,Archer,Bix Archer,,,,,
45580,Yimiao,Liu,Yimiao Liu,,,,,
45581,Ranee,Henderson,Ranee Henderson,,,,,
45582,Kira Maria,Shewfelt,Kira Maria Shewfelt,,,,,
45583,Alex,McAdoo,Alex McAdoo,,,,,
45584,Nikholis,Planck,Nikholis Planck,,,,,
45585,Yuri,Yuan,Yuri Yuan,,,,,
45586,Catalina,Ouyang,Catalina Ouyang,,,,,
45587,Roksana,Pirouzmand,Roksana Pirouzmand,,,,,
45588,Joseph,Cornell,Joseph Cornell,,,,,
46049,Julia,Maiuri,Julia Maiuri,,,,,
46188,Mak Ying Tung,2,Mak Ying Tung 2,,,,,
46189,Lita,Albuquerque,Lita Albuquerque,,,,,
46190, ASMA,"",ASMA,,,,,
46191,Mimi,Bai,Mimi Bai,,,,,
46193,Jessica Taylor,Bellamy,Jessica Taylor Bellamy,,,,,
46194,Sula,Bermúdez-Silverman,Sula Bermúdez-Silverman,,,,,
46195,Jobi,Bicos,Jobi Bicos,,,,,
46196,Han,Bing,Han Bing,,,,,
46197,Ross,Bleckner,Ross Bleckner,,,,,
46198,Louise,Bourgeois,Louise Bourgeois,,,,,
46199,Miranda,Byk,Miranda Byk,,,,,
46200,Luz,Carabaño,Luz Carabaño,,,,,
46201,Susan M B,Chen,Susan M B Chen,,,,,
46202,Judy,Chicago,Judy Chicago,,,,,
46203,Cecile,Chong,Cecile Chong,,,,,
46204,Milano,Chow,Milano Chow,,,,,
46205,Claire,Colette,Claire Colette,,,,,
46206,Carrie,Cook,Carrie Cook,,,,,
46207,Julie,Curtiss,Julie Curtiss,,,,,
46209,Francesca,Facciola,Francesca Facciola,,,,,
46210,Devin,Farrand,Devin Farrand,,,,,
46212,Sophie,Friedman-Pappas,Sophie Friedman-Pappas,,,,,
46213,Dominique,Fung,Dominique Fung,,,,,
46214,Will,Gabaldón,Will Gabaldón,,,,,
46215,Bambou,Gili,Bambou Gili,,,,,
46216,Elizabeth,Glaessner,Elizabeth Glaessner,,,,,
46217,Jenna,Gribbon,Jenna Gribbon,,,,,
46218,Kyoko,Hamaguchi,Kyoko Hamaguchi,,,,,
46219,Sally J.,Han,Sally J. Han,,,,,
46220,Young Sun,Han,Young Sun Han,,,,,
46221,Dan,Herschlein,Dan Herschlein,,,,,
46223,Hiba,Schahbaz,Hiba Schahbaz,,,,,
46224,Yngve,Holen,Yngve Holen,,,,,
46225,Iris Yirei,Hu,Iris Yirei Hu,,,,,
46226,Yanyan,Huang,Yanyan Huang,,,,,
46227,Gi ,Huo,Gi  Huo,,,,,
46228,Hanna,Hur,Hanna Hur,,,,,
46229,Juan,Escobedo,Juan Escobedo,,,,,
46230,Yifan,Jiang,Yifan Jiang,,,,,
46232,Haley,Josephs,Haley Josephs,,,,,
46233,Tahir,Karmali,Tahir Karmali,,,,,
46234,Peng,Ke,Peng Ke,,,,,
46235,Sunghwa,Kim,Sunghwa Kim,,,,,
46236,Josh,Kline,Josh Kline,,,,,
46237,Becky,Kolsrud,Becky Kolsrud,,,,,
46238,Antonia,Kuo,Antonia Kuo,,,,,
46239,Ajay,Kurian,Ajay Kurian,,,,,
46240,Kwong Wing,Kwan,Kwong Wing Kwan,,,,,
46241,William,Lamson,William Lamson,,,,,
46243,Jennie Jieun,Lee,Jennie Jieun Lee,,,,,
46244,Zhou,Li,Zhou Li,,,,,
46245,Pixy,Liao,Pixy Liao,,,,,
46246, Linder,"",Linder,,,,,
46247,Kristy,Luck,Kristy Luck,,,,,
46248,Kat,Lyons,Kat Lyons,,,,,
46249,kat,lyons,kat lyons,,,,,
46250,René,Magritte,René Magritte,,,,,
46251,Jane,Margarette,Jane Margarette,,,,,
46252,Eddie,Martinez,Eddie Martinez,,,,,
46253,Tony,Matelli,Tony Matelli,,,,,
46254,Yassi,Mazandi,Yassi Mazandi,,,,,
46255,Lior,Modan,Lior Modan,,,,,
46256,Jenny,Morgan,Jenny Morgan,,,,,
46257,Tomo,Mori,Tomo Mori,,,,,
46258,Chad,Murray,Chad Murray,,,,,
46259,Joshua,Nathanson,Joshua Nathanson,,,,,
46260,Mario,Navarro,Mario Navarro,,,,,
46261,Chris,Oh,Chris Oh,,,,,
46262,Alex,Paik,Alex Paik,,,,,
46263,Anna,Park,Anna Park,,,,,
46264,Keun Young,Park,Keun Young Park,,,,,
46265,Miguel Angel Payano,Jr.,Miguel Angel Payano Jr.,,,,,
46267,Lamar,Peterson,Lamar Peterson,,,,,
46268,Joshua,Petker,Joshua Petker,,,,,
46269,Pablo,Picasso,Pablo Picasso,,,,,
46270,Lee,Pivnik,Lee Pivnik,,,,,
46271,Kour,Pour,Kour Pour,,,,,
46273,Yang,Shaobin,Yang Shaobin,,,,,
46274,Li,Shun,Li Shun,,,,,
46275,Kathia,St.Hilaire,Kathia St.Hilaire,,,,,
46276,Ilona,Szwarc,Ilona Szwarc,,,,,
46277,Daniel,Um,Daniel Um,,,,,
46278,Weston,Uram,Weston Uram,,,,,
46279,Christine,Wang,Christine Wang,,,,,
46280,Sicheng,Wang,Sicheng Wang,,,,,
46281,Ryan,Wilde,Ryan Wilde,,,,,
46282,Magdalen,Wong,Magdalen Wong,,,,,
46283,Sun,Woo,Sun Woo,,,,,
46284,Zhang,Xiaogang,Zhang Xiaogang,,,,,
46285,Ruby Leyi,Yang,Ruby Leyi Yang,,,,,
46286,Isabel,Yellin,Isabel Yellin,,,,,
46853,Cathleen,Clarke,Cathleen Clarke,,,,,
47359,Jeane,Cohen,Jeane Cohen,,,,,
47433,Ho,Jae Kim,Ho Jae Kim,,,,,
47434,Ye,Cheng,Ye Cheng,,,,,
47537,Rae,Klein,Rae Klein,,,,,
47552,Scott,Laufer,Scott Laufer,,,,,
47553,Justin,Ortiz,Justin Ortiz,,,,,
47963,Yeni,Mao,Yeni Mao,,,,,
48098,Yayoi,Kusama,Yayoi Kusama,,,,,
53122,Yining,Fei,Yining Fei,,,,,
53151,Wang,Wenting,Wang Wenting,,,,,
53162,Xia,Yu,Xia Yu,,,,,
53163,Ren,Xiaolin,Ren Xiaolin,,,,,
54389,Erica,Mahinay,Erica Mahinay,,,,,
54560,Karl,Ljungquist,Karl Ljungquist,,,,,
54563,Brett,Flanigan,Brett Flanigan,,,,,
54564,Chris,Warr,Chris Warr,,,,,
54566,Christina,Ballantyne,Christina Ballantyne,,,,,
54567,Ish,Lipman,Ish Lipman,,,,,
54577,Paige,Emery,Paige Emery,,,,,
54578,Jake,Fagundo,Jake Fagundo,,,,,
54579,Patrick,Zapien,Patrick Zapien,,,,,
54580,Corrie,Siegel,Corrie Siegel,,,,,
54581,Frankie,Carino,Frankie Carino,,,,,
54582,Joachim,Castañeda,Joachim Castañeda,,,,,
54584,Tyler,Kensek,Tyler Kensek,,,,,
54586,Paige,Greco,Paige Greco,,,,,
54635,Jordan,Christian,Jordan Christian,,,,,
54637,Richard,Nam,Richard Nam,,,,,
57730,Youngmin,Park,Youngmin Park,,,,,
57762,Veronica,Fernandez,Veronica Fernandez,,,,,
59652,JiaHao,Peng ,JiaHao Peng,,,,,
59653,Ten,Ten Photosynthesis,Ten Ten Photosynthesis,,,,,
62666,linn,meyers,linn meyers,,,,,
62873,Noah,Schni,Noah Schni,,,,,
62874,Noah,Schneiderman,Noah Schneiderman,,,,,
62877,Kang Seung,Lee,Kang Seung Lee,,,,,
62878,Dashiell,Manley,Dashiell Manley,,"",,,
62879,Sam,Shoemaker,Sam Shoemaker,,,,,
62940,Yi,,Yi null,,,,,
62941,Yi,Wang,Yi Wang,,"Wang Yi graduated from the Second Studio of the Oil Painting Department of the China Academy of Art, and obtained the BA and MA degrees. He seeks to combine slow and exquisite classical painting techniques, standardized production of industrial materials, modernist design and architectural paradigms to form abstract expressions that illustrate social mechanisms and natural elements. Wang Yi is one of the new generation of Chinese abstract artists. Many of them conceal political or social commentaries in their creations, but those critique and confrontation of the realistic context are rooted in their diverse abstract art language. Wang Yi's works use symbolic structures, colors, shapes, and materials as a medium to explore the relationship between urban development, ideology, as well as history and nature that we are experiencing.

Wang Yi has had solo exhibitions and group exhibitions in many places in Asia, and was shortlisted and received several awards, including: Porsche 2020-2021 China Young Artists Biennial Selection, Tomorrow Sculpture Awards, Powerlong Art Award (PAA), The Signature Art Prize (China), John Moore Painting Award (China), Luo ZhongLi Scholarship, Creative M50 Creative Talent Award, etc.",1991,,b. 1991
62942,yi,"",yi,,,,,
62944,Fei,Liao,Fei Liao,,"Liao Fei explores the relationship and tension in material materials in his
works – between reality and geometry, between cognition and mysticism, between duality and simplification. While drawing attention to the broader concepts related to these relationships, his works also reveal the metaphysical temperament contained in everyday materials.",1981,,b. 1981
63037,Gabriel,Cohen,Gabriel Cohen,,,,,
63068,Nancy,"",Nancy,,,,,
63069,Nancy,Youdelman,Nancy Youdelman,,,,,
64889,Yeonsu,Ju,Yeonsu Ju,,,,,
65105,Saba,Farhoudnia,Saba Farhoudnia,,,,,
65146,Fawn,Rogers,Fawn Rogers,,,,,
66220,Alice,Ningci Jiang,Alice Ningci Jiang,,"2003, China",,,
66356,Joaquín,Stacey-Calle,Joaquín Stacey-Calle,,"Joaquín Stacey-Calle  (he/him/they, b.2000, Quito, Ecuador) is an interdisciplinary artist working with painting, performance, installation, microbes, photography, and food.  He graduated with a BFA from Florida International University in 2022 and received his MFA from Otis College of Art and Design (CA) in 2024. Stacey-Calle develops conversations around history, identity, memory, representational and landscape painting, daily rituals, Western ontology, and the human condition. He is interested in the digestion and fermentation of his quotidian surroundings and the cultural productions he has consumed throughout his life. Like his understanding of his diasporic self, his work is rooted in memories of his home and life in Ecuador, Miami, and Los Angeles and then tethered to a new experience of unfixed imagery and materiality that remains ever-changing. Lately, he has been exploring the importance of forgetting, confusion, and ignorance concerning the definition of thought. He has exhibited throughout Miami and LA, in places like Charlie James Gallery, Goodmother Gallery, The Proxy Gallery, Homework Gallery, The Laundromat Art Space, Bernice Steinbaum Gallery, Pinecrest Gardens Gallery, Ateliê Alê (São Paulo), and the Ecuadoran Consulate in Miami. Stacey-Calle was part of the 2022 & 2023 Summer Open, a residency hosted by The Bakehouse Art Complex in Miami.",2000,,b. 2000
66361,Yongqi,Tan,Yongqi Tan,,,,,
66362,Yongqi,Tang,Yongqi Tang,,,,,
66381,Taylor,Prendergast,Taylor Prendergast,,,,,
66405,Kate,Casanova,Kate Casanova,,,1982,,b. 1982
66407,Terence,Koh,Terence Koh,,,,,
66442,Analia,Saban,Analia Saban,,,1980,,b. 1980
66443,Soumya,Netrabile,Soumya Netrabile,,,,,
66563,Naomi,Nakazato,Naomi Nakazato,,,1992,,b. 1992
66589,Christian Quin,Newell,Christian Quin Newell,,,1991,,b. 1991
66601,Dabin,Ahn,Dabin Ahn,,,1988,,b. 1988
68094,Sophia,Anthony,Sophia Anthony,,,,,
68294,Malik,Roberts,Malik Roberts,,,,,
69430,Crate,"",Crate,,,,,
71987,Aaron,Johnson,Aaron Johnson,,"",,,
71989,Rebecca,Wu,Rebecca Wu,,,,,
71999,Emma,Beatrez,Emma Beatrez,,,,,
72001,Leo,Frontini,Leo Frontini,,,,,
72008,Pia,Ortuño,Pia Ortuño,,,,,
72025,Colleen,Barry,Colleen Barry,,,,,
72026,Mia,Weiner,Mia Weiner,,,,,
72051,Aaron,Jupin,Aaron Jupin,,,,,
72056,Katherine,Bradford,Katherine Bradford,,,,,
72057,Haoyan,Zhang,Haoyan Zhang,,,,,
72058,Julie,Curtis,Julie Curtis,,,,,
72081,Harriet,Gillett,Harriet Gillett,,,,,
72092,Christian,Rex Van Minnen,Christian Rex Van Minnen,,,,,
72099,Clinton,King,Clinton King,,,,,
72272,Kolja,Kärtner Sainz,Kolja Kärtner Sainz,,,,,
72550,Nick,Modrzewski,Nick Modrzewski,,,,,
72578,Alex,Anderson,Alex Anderson,,,,,
72581,Nabilah,Nordin,Nabilah Nordin,,,,,
72870,Camilla,Engström,Camilla Engström,,,,,
75627,Jacopo,Pagin Drawings,Jacopo Pagin Drawings,,"",,,
76233,Aryana,Minai,Aryana Minai,,"Minai received a BFA from Art Center College of Design in 2016, an MFA from Yale School of Art in 2020, and currently lives and works in Los Angeles, CA.",1994,,b. 1994
76519,Nobuhito,Nishigawara,Nobuhito Nishigawara,,,1974,,b. 1974
76863,Daisy,Parris,Daisy Parris,,"View works.Daisy Parris
Born 1993  |  Lives and works between London and Somerset (UK)


Daisy Parris (born 1993 in Kent, UK) is a young British painter who is making their first appearance at Makasiini Contemporary this fall. In the title of the exhibition, Rocks are Heavy, Parris alludes to a poem they wrote called “Survival Poem”, an adaptation of the late Dorothy Parker’s work “Resume” published in 1926, on which many of the paintings for this body of work are based. 

 

After reading “Resume” as a teenager, the poem became a mantra for Parris, exploring themes of life, death and depression in a way that was accessible to them. It also introduced them to the opportunity of grappling with the idea of survival – a want to survive and a recognition that death is as hard as life. The paintings in the exhibition are a navigation through the depths of their experience, twists, turns and questions but are ultimately and profoundly about hope. 

 

These are hopeful paintings that touch on serious themes and hold hands with depression. Dorothy Parker uses humour to deal with such themes and I use colour. Her poem is a mantra for survival, and I wanted to continue that by adapting it to reference things in the contemporary   landscape that are familiar to me.

 – Daisy Parris, September 2021

 

Parris’ painting echoes many of the structures and rhythms of the poem, in this case, heavy brushstrokes against scratches and linear motifs as regular arrangements and a vernacular of colour that rivals any beat per line. They use the literary devices of repetition in their mark making; heavy downpours of paint, exposed and collaged canvas, text and code-like symbols developed over years of distillation. 

 

In Parker’s work, “Resume”, the reader is part of the narrative. Parris explores this adeptly, putting themselves and viewer at the centre of the work, not only contemplating death and suicide but free choice, life and our ability to form our own path. Through this body of work, Parris considers the possibility of what they want, an understanding of what experiences would be like and the effect of choice over survival and hope.

 

Parris lives and works between Stockholm and London, UK and holds BA (Hons) Fine Art from Goldsmiths University, London. They have previously exhibited broadly in Europe and the US. This is Parris’ first solo exhibition in Finland.",1993,,b. 1993
76864,A'driane,Nieves,A'driane Nieves,,"a’driane nieves was born in San Antonio, Texas, in 1982.

A visual artist and writer, a’driane nieves is the founder of an arts nonprofit and art magazine as well as a self-taught painter of over a decade. At the urging of her therapist, she began using painting as a form of art therapy in 2011 during her recovery from postpartum depression and following her later diagnosis of bipolar disorder. This initial experimentation led to her using abstract expressionist painting as a way to overcome the impacts of childhood abuse, specifically emotional suppression. Influenced by Joan Mitchell, Cy Twombly, Bernice Bing, and early Black abstractionist painters ranging from Alma Thomas to Mary Lovelace O’Neal, nieves’ paintings offer space for her own and others' quiet reflection and contemplation. She credits both the writing and visual components of her practice with helping her to find her voice and creating space for her to safely release long-buried emotions.

Her interdisciplinary practice focuses on the interior landscapes of the Self, as well as the physical, epigenetic, psychological, and social-emotional impacts of trauma—inherited, historical or ancestral, personal —exposing how it shapes, alters, redefines identity and informs behavior over the course of our lives. Her intuition-driven process draws heavily on memories, emotions, and experiences from both the past and present. Nieves often completes a painting in one sitting, relying on physical movement and music to channel her inner truths and rememberings.

Through abstract forms and composition and expressive mark-making, she gives visible shape to the internal biological and emotional processes of adaptation, recovery, healing, and transformation. nieves' work allows her to carve out—and take up—space where the fullness of her humanity as a Black, queer, neurodivergent woman can be expressed without retribution. It is her hope that holding space in her work to express her fullest self encourages others to do the same.


nieves' exhibits internationally; selected exhibitions include Art Basel (Switzerland, Hong Kong, Miami), Frieze (London, Seoul), Art021 Shanghai; Consortium Museum (Dijon, France); Various Small Fires (Los Angeles, Dallas), Galerie Marguo (Paris, France), Lawrence Van Hagen Art (Hong Kong, China), Standing Pine Gallery (Tokyo, Japan) and BODE Projects (Berlin, Germany). Her work can be found in collections across the United States, Canada, Europe, and Asia, including the Fondation Louis Vuitton in Paris, Dangxia Art Space in Beijing, Spurs Collection in San Antonio, USA, and the Rennie Museum, in Vancouver, Canada.",1982,,b. 1982
76865,Oscar,Murillo,Oscar Murillo,,"Born in Colombia, Oscar Murillo (b. 1986) is known for an inventive and itinerant practice that encompasses paintings, works on paper, sculptures, installations, actions, live events, collaborative projects, and videos. Taken as a whole, his body of work demonstrates a sustained emphasis on the notion of cultural exchange and the multiple ways in which ideas, languages, and even everyday items are displaced, circulated, and increasingly intermingled.

Murillo earned his BFA in 2007 from the University of Westminster, London, followed by his MFA in 2012 from the Royal College of Art, London. His first exhibition at David Zwirner, titled A Mercantile Novel, was held at the gallery in New York in 2014. Subsequent solo exhibitions by Murillo at David Zwirner include binary function (London, 2015), through patches of corn, wheat and mud (New York, 2016), the build-up of content and information (Hong Kong, 2018), Manifestation (London, 2019), News (Paris, 2020), Ourself behind ourself concealed (New York, 2022), and A balancing act between collapse and spirit (London, 2024).

A large-scale participatory installation by Murillo, The flooded garden, was on view in the Turbine Hall at Tate Modern, London, from July to August 2024. Murillo’s works and projects have been the subject of solo and two-person exhibitions at prominent institutions worldwide, including the Fundação de Serralves, Porto (2024); WIELS, Brussels (2024); Kunsthalle Wien, Austria (2024); KM21, The Hague (2022); Scuola Grande della Misericordia, Venice (2022); Saint Louis Art Museum, Missouri (2022); Fondazione Memmo, Rome (2021); Aspen Art Museum, Colorado (2019); Kunstverein in Hamburg, Germany (2019); The Shed, New York (2019); chi K11 art museum, Shanghai (2019); and Kettle’s Yard, Cambridge, England (2019). Murillo was one of four artists to win the 2019 Turner Prize and received an accompanying exhibition at Turner Contemporary, Margate, England.

In 2017, a solo exhibition of the artist’s work was on view at Haus der Kunst, Munich, and was accompanied by a comprehensive monograph published by the museum in association with David Zwirner Books. Other recent solo presentations of Murillo’s work have been held at CAPC musée d’art contemporain de Bordeaux, France (2017); Museo de Arte de la Universidad Nacional de Colombia, Bogotá (2015); Centro Cultural Daoíz y Velarde, Madrid (2015); Artpace, San Antonio, Texas (2015); The Mistake Room, Los Angeles (2014); South London Gallery (2013); Rubell Family Collection, Miami (2012); and Serpentine Gallery, London (2012).

For Murillo’s ongoing long-term project Frequencies, developed with members of the artist’s family, studio team, and collaborators around the world, canvases are temporarily affixed to classroom desks in selected schools across the globe, encouraging students aged ten to sixteen to create any kind of mark making—drawing, writing, doodling. Frequencies was shown at the 56th Venice Biennale exhibition, All the World’s Futures, in 2015. The following year, in 2016, it was presented at the 2nd Hangzhou Triennial of Fiber Art in China and the 3rd Aichi Triennial exhibition, Homo Faber: A Rainbow Caravan, in Japan. It has subsequently been presented at institutions such as the Haus der Kunst, Munich (2017); Museum of Contemporary Art, Cleveland, Ohio (2017); PinchukArtCentre, Kyiv (2017); Yorkshire Sculpture Park, West Bretton, England (2019); Swiss Institute, New York (2021); Mori Art Museum, Tokyo (2021); Coachella Valley, California (2021); TANK Shanghai (2021); and Javett Art Centre, University of Pretoria, South Africa (2023). In 2015, David Zwirner Books published Oscar Murillo: Frequencies, which catalogues the first year of the project and includes reproductions of canvases and photographs of the schools and students involved. A subsequent volume, published in 2024 by Hatje Cantz, with texts by Mark Godfrey, Eleanor Nairne, Gabi Ngcobo, and Alessandro Rabottini, provides an archive of the many iterations of the Frequencies project that Murillo has organized over the past decade and beyond.

In 2023, Murillo was awarded an honorary doctorate from his alma mater, the University of Westminster.

Work by the artist is included in institutional collections worldwide, including the Aïshti Foundation, Lebanon; Arts Council Collection, England; The Broad, Los Angeles; Coppel Collection, Mexico; Dallas Museum of Art; Fondation Louis Vuitton, Paris; Fondazione Memmo, Rome; Fondazione Prada, Milan; Fondazione Sandretto Re Rebaudengo, Turin; Kettle’s Yard, University of Cambridge, England; Moderna Museet, Stockholm; Museum of Contemporary Art, Los Angeles; Museum Ludwig, Cologne; The Museum of Modern Art, New York; Rubell Museum, Miami; San Francisco Museum of Modern Art; Seattle Art Museum; Stedelijk Museum voor Actuele Kunst (S.M.A.K.), Ghent; Taguchi Art Collection, Tokyo; and Tate, United Kingdom.

Murillo lives and works in La Paila, Colombia.",1986,,b. 1986
76866,Yaya,Yajie Liang,Yaya Yajie Liang,,"YaYa Yajie Liang

Born 1995 Henan, China
Lives and works in London

Liang received an MA in Painting from the Royal College of Art, London, and a BA in Fine Art from China Central Academy of Fine Arts, Beijing. She is currently a PhD researcher at the Royal College of Art, London. Her recent solo exhibitions included I’m similar, not similar to something, but just similar at Galerie Kandlhofer, Vienna, AT (2024); Particles Maze at Lyles & King, New York, NY (2024); Summer Palace, curated by Kat Sapera at Cob Gallery, London, UK (2023). Recent selected group shows include Embodied Forms, Thaddaeus Ropac, London, UK (2024); Dante’s Inferno, Unit, London, UK (2024); The Dance, Luce Gallery, Turin, IT (2023); Sweet Spot, BLANK Gallery, Shanghai, CH (2023); Wilderness of Being, HdM Gallery, London, UK (2022); Machines of Desire, Simon Lee Gallery, London, UK (2022); Beacon, Josh Lilly’s Gallery, London, UK (2020), among others. Liang has been shortlisted for The Waverton Art Prize in 2022. She has taken part in residency at Vannucci Artist Residency, Umbria, IT.",1995,,b. 1995
76871,Hans,Hartung,Hans Hartung,,,1904,1989,1904-1989
76873,Woo,Jung Ghil,Woo Jung Ghil,,,,,
76874,Larry,Poons,Larry Poons,,,,,
77134,Hammzat,Tahabsim,Hammzat Tahabsim,,,,,
77403,Tuan,Vu,Tuan Vu,,,,,
77751,Qian,Qian,Qian Qian,,,,,
77957,Bai,Yiyi,Bai Yiyi,,,,,
77958,Dylan,Doe,Dylan Doe,,,,,
78029,Johanna,Bath,Johanna Bath,,,,,
78031,Malaika,Temba,Malaika Temba,,,,,
78032,Azadeh,Elmizadeh,Azadeh Elmizadeh,,,,,
78339,Zoe,Koke,Zoe Koke,,,,,
78349,ZhiDing,"",ZhiDing,,,,,
79208,Aleza,Zheng,Aleza Zheng,,,,,
79257,Luc,Ming Yan,Luc Ming Yan,,,,,
79422,Nathalie,Du Pasquier,Nathalie Du Pasquier,,"Nathalie Du Pasquier
b. 1957, Bordeaux, France Lives and works in Milan
Her career began as an autodidact, traveling at a very early age through Africa, Australia, and India, reading and observing other cultures. In 1979 she arrived in Italy, first in Rome and then in Milan, where she met several designers who set her along the path of European and urban 20th century culture. In 1981 she became part of the Memphis group, for which she was to design numerous fabrics, carpets, and other items. In 1987 she decided to concentrate entirely on painting and through the observation of works, from antiquity to the 20th century, she produced oil paintings of still life with simplified compositions. Over time, the everyday objects depicted in her paintings were replaced by wooden constructions made by the artist herself. Thus, her work becomes a skilful game of juxtapositions between flat surfaces and three-dimensional objects capable of sculpting space and providing a new representation, destabilising the traditional boundaries that separate works of art from their inherent exhibition structures. Through her work, Du Pasquier explores the links that are established between objects and the space in which they are located. This investigation manifests itself in a multitude of forms: paintings, sculptures, drawings, models, constructions, books and ceramics. The artist constantly acts between the tangible and the intangible, reality and fiction, the two-dimensional and the three-dimensional.
Recent institutional exhibitions include Volare, Guardare, Costruire, Museo Nivola, Orani, Italy (2025); Arrengements 1993- 2023, Hotel des Arts - Mediterranean Center of Art, Tolone, France (2024); PAINTINGS OF THINGS. PAINTINGS OF OBJECTS, Kunsthal Aarhus, Aarhus, Denmark (2023); Nathalie du Pasquier Chez Eux, Carte Blanche, curated by Yvon Lambert, Centre Des Monuments Nationaux, Ville à Savoye, Poissy, France (2022); Geometric Opulence, Museum Haus Konstruktiv, Zurich, Switzerland (2022); Campo Marte, MACRO - Museum of Contemporary Art of Rome, Rome, Italy (2021); Campo di Marte, Musée régional d’art contemporain, Sérignan, France (2022); Memphis Plastic Field, Musée des Arts Décoratifs et du Design, Bordeaux, France (2019-2020); BRIC, Mutina for Art, Fiorano Modenese, Italy (2019); Fair Game Leipzing, GfZK - Galerie für Zeitgenössische Kunst, Leipzig, Germany (2019); Future, Former, Fugitive: A French Scene, Palais de Tokyo, Paris, France (2019); Les is a Bore: Maximalist Art & Design, ICA - Institute of Contemporary Art Boston, Massachusetts, US (2019); Fair Game, MGLC - International Centre of Graphic Arts, Ljubljana, Slovenia (2018); Nathalie Du Pasquier: Other Rooms, Camden Arts Centre, London, UK (2018); Nathalie Du Pasquier: Private Collections, Kunsthalle Lissabon, Lisbon, Portugal (2017); Big Objects Not Always Silent, ICA - Institute of Contemporary Art, Philadelphia, US (2017); Big Objects Not Always Silent, Kunsthalle Wien, Vienna, Austria (2016) and Material Culture, Haute Ecole d’Art et de Design, Geneva, Switzerland (2015).
The artist’s work is included in numerous public collections such as: Cnap – Centre national des arts plastiques, Paris, France; Centre Pompidou, Paris, France; The Alfond Collection of Contemporary Art, Rollins Museum of Art, Orlando, Florida, US; Art Institute of Chicago, Chicago, Illinois, US; Cooper Hewitt, Smithsonian Design Museum, New York, New York, US; Institut d’Art Contemporain, Villeurbanne, France; The Metropolitan Museum of Art, New York, New York, US; Modernism Museum Mount Dora, Mount Dora, Florida, US; Museum of Applied Arts and Sciences, Sydney, Australia; Museum of Art, Rhode Island School of Design, Providence, Rhode Island, US; National Gallery of Victoria, Melbourne, Australia; New Orleans Museum of Art, New Orleans, Louisiana, US; Nouveau Musée National de Monaco, Monaco; Philadelphia Museum of Art, Pennsylvania, US; San Francisco Museum of Modern Art, San Francisco, California, US; Victoria and Albert Museum, London, UK; Virginia Museum of Fine Arts, Richmond, Virginia, US.",1957,,b. 1957
79423,Ibrahim,Mahama,Ibrahim Mahama,,"He studied painting and sculpture at the Kwame Nkrumah University of Science and Technology in Kumasi (2013). His artistic practice is characterised by the use of reused urban material – remnants of wood, paper documents, jute sacks, shoeboxes, school blackboards and old doors - which he manipulates and transforms to explore themes such as the phenomenon of globalisation and migration and the trade in goods. As he explained, he is interested “in how crisis and failure are absorbed into this material, with a strong reference to the global transaction and the functioning of capitalist structures”.
Textiles hold a central role in his artistic practice and research; according to Mahama, these are like archive documents, marked with time, form and place. In fact, as he explained, “the hope is that their residues – stained, broken and abandoned, but bearing light – might lead us into new possibilities and spaces beyond.” Although widely used in the Ghanaian market, jute sacks are originally manufactured in Southeast Asia and later imported into the country by the Ghana Cacao Board to transport cocoa beans. However, after this first official use, sacks are used by local communities to move other goods and commodities of various kinds. Marked with the names of their owners, the sacks bear on their rough surface the traces of their constant pilgrimage, thus providing a kind of skin for the urban fabric. After being collected, the various fabrics are then sewn together, creating a monumental tapestry that the artist uses to cover and conceal buildings and architecture often linked to consumer societies. For the 56th International Art Exhibition in Venice - La Biennale di Venezia, the artist presented Out of Bounds (2015), with which he covered the interior walls of the Troncone in the Arsenale, creating a kind of a walkway, a corridor that put the global artistic context in dialogue with the fabric of the past. For the assembly of his textile collages, Mahama often enlists the help of local collaborators, including craftsmen, architects, technicians, artists, tradesmen, and local scaffolders. For the public commission Purple Hibiscus (2023-2024), at the Barbican Centre in London, the artist enlisted the help of hundreds of artisans in Tamale.
Mahama collaborators sometimes become the object of his work, as in the photographic suite, where the artist has photographed the arms of the men who have tattooed their names and other biodata on their skin due to a lack of paper documentation. In addition to textiles, Mahama’s work incorporates a multitude of mediums, materials and objects: rusty sewing machines, seats from old train carriages and remnants of railway tracks. These are saturated with meanings linked to the past, especially to the history of Ghana in the 1960s, when the West African states, newly dependent on the colonial rule of the former British Empire, were savouring the privileges of freedom. By bringing sacks and railroad pieces into the art economy, Mahama has transformed these materials into a commodity more valuable than the products they once served to transport.
In recent years, Mahama has channeled part of his activity into building interdisciplinary educational and training institutions near Tamale, Ghana. In 2019, Mahama opened the Savannah Centre for Contemporary Art (SCCA) in Tamale, a museum space run by a group of artists and curators active in Ghana, followed by the opening of a vast studio complex, Red Clay, in nearby Janna Kpeŋŋ in September 2020. Comprising exhibition spaces, research facilities and an artist residency centre, both sites represent Mahama’s contribution to the development and expansion of the contemporary art scene in his country. In April 2021, Mahama opened a renovated silo, Nkrumah Volini, in Tamale. This is the third educational institution he has opened in northern Ghana in the last two years.
 During his career, Mahama has been included in several biennials, such as: Malta Art Biennale, Garden of Scars, Malta (2024); 35th São Paulo Biennale, Choreographies of the impossible, curated by Diane Lima, Grada Kilomba, Hélio Menezes and Manuel Borka-Villel, São Paulo, Brazil (2023); 18th International Architecture Exhibition - La Biennale di Venezia, The Laboratory of the Future, curated by Lesley Lokko, Venice, Italy (2023); 22nd Biennale of Sydney, NIRIN, directed by Brook Andrew, Sydney, Australia (2020); 58th International Art Exhibition - La Biennale di Venezia, May I Have You Live in Interesting Times, curated by Ralph Rugoff, Venice, Italy (2019); 6th Lubumbashi Biennale, Future Genealogies, Tales From The Equatorial Line, Democratic Republic of Congo (2019); Documenta 14, Athens and Kassel (2017) and 56th International Art Exhibition, All the World’s Future, curated by Okwui Enwzor, with the installation Out of Bounds (2015).
This September the artist participates in Re-Constellations - 5th Hangzhou Triennial of Fiber Art, Hangzhou, China (2025) October he presents the site-specific installation Parliament of Ghosts at the new London space Ibraaz, London (2025), Recent institutional exhibitions include: Zilijifa, Kunsthalle Wien, Vienna, Austria (2025); Ibrahim Mahama, Kunsthalle Bern, Bern, Switzerland (2025); Songs about roses, Fruitmarket, Edinburgh, UK (2024); Rubber Soul, Mönchehaus Museum Goslar, Golsar, Germany (2024); Janus, Palazzo Diedo, Venice, Italy (2024) in conjunction with 60th International Art Exhibition - La Biennale di Venezia, Stranieri Ovunuqe – Foreingers Everywhere, curated by Adriano Pedrosa, Venice, Italy (2024); Purple Hibiscus, Barbican Center, London, UK (2023 – 2024); In the Presence of Absence, Desert X AlUla 2024, AlUla, Saudi Arabia (2024); TRANSFER(S), Kunsthalle Osnabrück, Germany (2023); Threads, Arnolfini Gallery, Bristol, UK (2023); Garden of Scars, Oude Kerk, Amsterdam; Netherlands (2022); The memory of love, FRAC des Pays de la Loire, Nantes, France (2022); Revival: Materials and Monumental Forms, ICA Watershed, Boston, Massachusetts, US (2022); Christen Sveaas Art Foundation: The Unseen selected by Hurvin Anderson, Whitechapel Gallery, London, UK (2022); Narrow Gate of the Here-and-Now: Social Fabric, IMMA, Dublin, Ireland (2021) and Fourth Plinth Shortlist, National Gallery, London, UK (2019).
Mahama’s work is included in several public collection, such as Astrup Fearnley Museet, Oslo, Norway; Baltimore; Museum of Art, Baltimore, Maryland, US; Centre Georges Pompidou, Paris, France; Fondazione Giuliani, Rome, Italy; Hammer Museum, Los Angeles, California, US; Hirshhorn Museum and Sculpture Garden, Washington, D.C. US; Instituto Inhotim, Brumadinho, Minas Gerais, Brazil; K11 Art Foundation, Hong Kong, China; Longlati Foundation, Shanghai, China; Long Museum, Shanghai, China; Los Angeles County Museum of Art, California, US; Madre Museum, Naples, Italy; Margulies Collection, Miami, Florida, US; National Gallery of Art, Washington DC, US; National Gallery of Canada, Ottawa, Canada; Nelson-Atkins Museum of Art, Kansas City, Missouri; Norwich Castle Museum, Norwich, UK; Pino Pascali Foundation, Polignano a Mare, Italy; The Studio Museum in Harlem, New York, US; Whitworth Art Gallery, Manchester, UK; Zinsou Foundation, Benin, Africa and La Gaia Collection, Busca, Italy.
Mahama was selected as Medallist in the Established Artist category as part of the Art Basel Awards (2025). Over the years, the artist has received several awards, including the inaugural Sam Gilliam Award (2024); Pino Pascali Award 2021 - 23rd Edition, Fondazione Pino Pascali, Polignano a Mare, Italy (2021); Prince Claus Award, Amsterdam, Netherlands (2020); Future Generation Art Prize, Shortlist, PinchukArtCenter, Kiev, Ukraine (2017) and Paa Kwame Award, Department of Painting, KUNST, Kumasi, Ghana (2019). The artist also participated in the Principal Prince Claus Laureate art residency, Amsterdam, The Netherlands (2020); DAAD Berliner künstler programm des daad, Berlin, Germany (2017-2028) and Occupy Atopos, Athens, Greece (2018-2017).",1987,,b. 1987
80375,Katya,Labowe-Stoll,Katya Labowe-Stoll,,,1999,,b. 1999
80439,Marley,White,Marley White,,,,,
80620,Elana,Bowsher,Elana Bowsher,,,,,
81395,Paul,Robas,Paul Robas,,,,,
81757,David,Moy,David Moy,,,,,
82232,Julie,Yeo,Julie Yeo,,,,,
82233,Hunter,Potter,Hunter Potter,,,,,
82238,Daniel,Wang,Daniel Wang,,,,,
82295,Kaz,Oshiro,Kaz Oshiro,,,,,
82304,Kahlil,Irving,Kahlil Irving,,,,,
82305,Jamie John,Davies,Jamie John Davies,,,,,
82337,Eleanor,Schiltz,Eleanor Schiltz,,,,,
82351,Will,Maxen,Will Maxen,,,,,
82352,Nichole,Fitch,Nichole Fitch,,,,,
82353,Ian,Davis,Ian Davis,,,,,
82354,Sean Walker,Hutton,Sean Walker Hutton,,,,,
82355,Laura,Watters,Laura Watters,,,,,
82356,Ruoyi,Shi,Ruoyi Shi,,,,,
82397,Marina,Ross,Marina Ross,,,,,
83725,Andrew,J. Park,Andrew J. Park,,,,,
84072,Jedediah,Caesar,Jedediah Caesar,,,,,
84104,Maddie,Butler,Maddie Butler,,,,,
84238,Austin,Hayman,Austin Hayman,,,,,
